"LOCATION";"INDICATOR";"SUBJECT";"MEASURE";"FREQUENCY";"TIME";"Value";"Flag Codes"
"AUS";"M3";"TOT";"IDX2015";"A";"2000";24.14188;
"AUS";"M3";"TOT";"IDX2015";"A";"2001";26.18872;
"AUS";"M3";"TOT";"IDX2015";"A";"2002";28.56336;
"AUS";"M3";"TOT";"IDX2015";"A";"2003";31.49926;
"AUS";"M3";"TOT";"IDX2015";"A";"2004";34.81689;
"AUS";"M3";"TOT";"IDX2015";"A";"2005";37.72851;
"AUS";"M3";"TOT";"IDX2015";"A";"2006";41.79208;
"AUS";"M3";"TOT";"IDX2015";"A";"2007";48.87724;
"AUS";"M3";"TOT";"IDX2015";"A";"2008";58.5621;
"AUS";"M3";"TOT";"IDX2015";"A";"2009";65.51301;
"AUS";"M3";"TOT";"IDX2015";"A";"2010";69.21703;
"AUS";"M3";"TOT";"IDX2015";"A";"2011";75.90085;
"AUS";"M3";"TOT";"IDX2015";"A";"2012";81.86954;
"AUS";"M3";"TOT";"IDX2015";"A";"2013";87.33091;
"AUS";"M3";"TOT";"IDX2015";"A";"2014";93.633;
"AUS";"M3";"TOT";"IDX2015";"A";"2015";100;
"AUS";"M3";"TOT";"IDX2015";"A";"2016";105.9423;
"AUS";"M3";"TOT";"IDX2015";"A";"2017";113.1881;
"AUS";"M3";"TOT";"IDX2015";"A";"2018";116.2508;
"AUS";"M3";"TOT";"IDX2015";"A";"2019";119.7538;
"CAN";"M3";"TOT";"IDX2015";"A";"2000";34.21238;
"CAN";"M3";"TOT";"IDX2015";"A";"2001";36.10247;
"CAN";"M3";"TOT";"IDX2015";"A";"2002";38.24828;
"CAN";"M3";"TOT";"IDX2015";"A";"2003";40.52945;
"CAN";"M3";"TOT";"IDX2015";"A";"2004";44.19386;
"CAN";"M3";"TOT";"IDX2015";"A";"2005";48.535;
"CAN";"M3";"TOT";"IDX2015";"A";"2006";52.15914;
"CAN";"M3";"TOT";"IDX2015";"A";"2007";57.86857;
"CAN";"M3";"TOT";"IDX2015";"A";"2008";64.70291;
"CAN";"M3";"TOT";"IDX2015";"A";"2009";66.78885;
"CAN";"M3";"TOT";"IDX2015";"A";"2010";70.42165;
"CAN";"M3";"TOT";"IDX2015";"A";"2011";75.59847;
"CAN";"M3";"TOT";"IDX2015";"A";"2012";80.67679;
"CAN";"M3";"TOT";"IDX2015";"A";"2013";85.95999;
"CAN";"M3";"TOT";"IDX2015";"A";"2014";93.06658;
"CAN";"M3";"TOT";"IDX2015";"A";"2015";100;
"CAN";"M3";"TOT";"IDX2015";"A";"2016";108.6319;
"CAN";"M3";"TOT";"IDX2015";"A";"2017";115.3934;
"CAN";"M3";"TOT";"IDX2015";"A";"2018";121.1188;
"CAN";"M3";"TOT";"IDX2015";"A";"2019";130.4731;
"CZE";"M3";"TOT";"IDX2015";"A";"2000";39.75081;
"CZE";"M3";"TOT";"IDX2015";"A";"2001";44.05944;
"CZE";"M3";"TOT";"IDX2015";"A";"2002";40.28669;
"CZE";"M3";"TOT";"IDX2015";"A";"2003";42.53726;
"CZE";"M3";"TOT";"IDX2015";"A";"2004";45.55716;
"CZE";"M3";"TOT";"IDX2015";"A";"2005";48.41615;
"CZE";"M3";"TOT";"IDX2015";"A";"2006";54.41107;
"CZE";"M3";"TOT";"IDX2015";"A";"2007";62.62323;
"CZE";"M3";"TOT";"IDX2015";"A";"2008";70.9817;
"CZE";"M3";"TOT";"IDX2015";"A";"2009";77.03479;
"CZE";"M3";"TOT";"IDX2015";"A";"2010";78.13431;
"CZE";"M3";"TOT";"IDX2015";"A";"2011";79.69527;
"CZE";"M3";"TOT";"IDX2015";"A";"2012";84.10152;
"CZE";"M3";"TOT";"IDX2015";"A";"2013";88.0103;
"CZE";"M3";"TOT";"IDX2015";"A";"2014";92.7415;
"CZE";"M3";"TOT";"IDX2015";"A";"2015";100;
"CZE";"M3";"TOT";"IDX2015";"A";"2016";108.7079;
"CZE";"M3";"TOT";"IDX2015";"A";"2017";118.9602;
"CZE";"M3";"TOT";"IDX2015";"A";"2018";125.4018;
"CZE";"M3";"TOT";"IDX2015";"A";"2019";133.9613;
"DNK";"M3";"TOT";"IDX2015";"A";"2000";36.53126;
"DNK";"M3";"TOT";"IDX2015";"A";"2001";37.82433;
"DNK";"M3";"TOT";"IDX2015";"A";"2002";39.11711;
"DNK";"M3";"TOT";"IDX2015";"A";"2003";46.25934;
"DNK";"M3";"TOT";"IDX2015";"A";"2004";52.34085;
"DNK";"M3";"TOT";"IDX2015";"A";"2005";51.46756;
"DNK";"M3";"TOT";"IDX2015";"A";"2006";58.40349;
"DNK";"M3";"TOT";"IDX2015";"A";"2007";65.9433;
"DNK";"M3";"TOT";"IDX2015";"A";"2008";76.29362;
"DNK";"M3";"TOT";"IDX2015";"A";"2009";81.45058;
"DNK";"M3";"TOT";"IDX2015";"A";"2010";83.83617;
"DNK";"M3";"TOT";"IDX2015";"A";"2011";77.67901;
"DNK";"M3";"TOT";"IDX2015";"A";"2012";87.56701;
"DNK";"M3";"TOT";"IDX2015";"A";"2013";77.41481;
"DNK";"M3";"TOT";"IDX2015";"A";"2014";85.05178;
"DNK";"M3";"TOT";"IDX2015";"A";"2015";100;
"DNK";"M3";"TOT";"IDX2015";"A";"2016";100.4333;
"DNK";"M3";"TOT";"IDX2015";"A";"2017";101.2909;
"DNK";"M3";"TOT";"IDX2015";"A";"2018";101.0792;
"HUN";"M3";"TOT";"IDX2015";"A";"2000";29.86807;
"HUN";"M3";"TOT";"IDX2015";"A";"2001";34.73866;
"HUN";"M3";"TOT";"IDX2015";"A";"2002";38.23141;
"HUN";"M3";"TOT";"IDX2015";"A";"2003";43.67159;
"HUN";"M3";"TOT";"IDX2015";"A";"2004";48.80216;
"HUN";"M3";"TOT";"IDX2015";"A";"2005";55.53543;
"HUN";"M3";"TOT";"IDX2015";"A";"2006";64.50646;
"HUN";"M3";"TOT";"IDX2015";"A";"2007";70.79895;
"HUN";"M3";"TOT";"IDX2015";"A";"2008";77.94234;
"HUN";"M3";"TOT";"IDX2015";"A";"2009";84.84218;
"HUN";"M3";"TOT";"IDX2015";"A";"2010";87.23272;
"HUN";"M3";"TOT";"IDX2015";"A";"2011";89.29594;
"HUN";"M3";"TOT";"IDX2015";"A";"2012";88.43958;
"HUN";"M3";"TOT";"IDX2015";"A";"2013";91.75094;
"HUN";"M3";"TOT";"IDX2015";"A";"2014";95.52667;
"HUN";"M3";"TOT";"IDX2015";"A";"2015";100;
"HUN";"M3";"TOT";"IDX2015";"A";"2016";104.5648;
"HUN";"M3";"TOT";"IDX2015";"A";"2017";114.5949;
"HUN";"M3";"TOT";"IDX2015";"A";"2018";130.3716;
"HUN";"M3";"TOT";"IDX2015";"A";"2019";140.2549;
"ISL";"M3";"TOT";"IDX2015";"A";"2000";16.47165;
"ISL";"M3";"TOT";"IDX2015";"A";"2001";18.66933;
"ISL";"M3";"TOT";"IDX2015";"A";"2002";21.31321;
"ISL";"M3";"TOT";"IDX2015";"A";"2003";25.00447;
"ISL";"M3";"TOT";"IDX2015";"A";"2004";29.52952;
"ISL";"M3";"TOT";"IDX2015";"A";"2005";35.10664;
"ISL";"M3";"TOT";"IDX2015";"A";"2006";42.18632;
"ISL";"M3";"TOT";"IDX2015";"A";"2007";56.98773;
"ISL";"M3";"TOT";"IDX2015";"A";"2008";80.05077;
"ISL";"M3";"TOT";"IDX2015";"A";"2009";93.3546;
"ISL";"M3";"TOT";"IDX2015";"A";"2010";88.53751;
"ISL";"M3";"TOT";"IDX2015";"A";"2011";86.46216;
"ISL";"M3";"TOT";"IDX2015";"A";"2012";87.00611;
"ISL";"M3";"TOT";"IDX2015";"A";"2013";86.03509;
"ISL";"M3";"TOT";"IDX2015";"A";"2014";91.62878;
"ISL";"M3";"TOT";"IDX2015";"A";"2015";100;
"ISL";"M3";"TOT";"IDX2015";"A";"2016";96.65594;
"ISL";"M3";"TOT";"IDX2015";"A";"2017";99.06471;
"ISL";"M3";"TOT";"IDX2015";"A";"2018";104.7006;
"ISL";"M3";"TOT";"IDX2015";"A";"2019";111.7516;
"JPN";"M3";"TOT";"IDX2015";"A";"2000";79.1846;
"JPN";"M3";"TOT";"IDX2015";"A";"2001";80.46;
"JPN";"M3";"TOT";"IDX2015";"A";"2002";81.99989;
"JPN";"M3";"TOT";"IDX2015";"A";"2003";82.79881;
"JPN";"M3";"TOT";"IDX2015";"A";"2004";83.71701;
"JPN";"M3";"TOT";"IDX2015";"A";"2005";84.13283;
"JPN";"M3";"TOT";"IDX2015";"A";"2006";83.86288;
"JPN";"M3";"TOT";"IDX2015";"A";"2007";84.00808;
"JPN";"M3";"TOT";"IDX2015";"A";"2008";84.63794;
"JPN";"M3";"TOT";"IDX2015";"A";"2009";86.15813;
"JPN";"M3";"TOT";"IDX2015";"A";"2010";87.94884;
"JPN";"M3";"TOT";"IDX2015";"A";"2011";89.88443;
"JPN";"M3";"TOT";"IDX2015";"A";"2012";91.82384;
"JPN";"M3";"TOT";"IDX2015";"A";"2013";94.50056;
"JPN";"M3";"TOT";"IDX2015";"A";"2014";97.11024;
"JPN";"M3";"TOT";"IDX2015";"A";"2015";100;
"JPN";"M3";"TOT";"IDX2015";"A";"2016";102.8462;
"JPN";"M3";"TOT";"IDX2015";"A";"2017";106.3058;
"JPN";"M3";"TOT";"IDX2015";"A";"2018";108.9952;
"JPN";"M3";"TOT";"IDX2015";"A";"2019";111.2663;
"KOR";"M3";"TOT";"IDX2015";"A";"2000";29.57214;
"KOR";"M3";"TOT";"IDX2015";"A";"2001";32.31195;
"KOR";"M3";"TOT";"IDX2015";"A";"2002";36.60915;
"KOR";"M3";"TOT";"IDX2015";"A";"2003";39.72006;
"KOR";"M3";"TOT";"IDX2015";"A";"2004";42.06508;
"KOR";"M3";"TOT";"IDX2015";"A";"2005";45.07121;
"KOR";"M3";"TOT";"IDX2015";"A";"2006";48.66475;
"KOR";"M3";"TOT";"IDX2015";"A";"2007";53.6737;
"KOR";"M3";"TOT";"IDX2015";"A";"2008";59.94475;
"KOR";"M3";"TOT";"IDX2015";"A";"2009";64.80128;
"KOR";"M3";"TOT";"IDX2015";"A";"2010";70.25261;
"KOR";"M3";"TOT";"IDX2015";"A";"2011";73.90016;
"KOR";"M3";"TOT";"IDX2015";"A";"2012";79.5785;
"KOR";"M3";"TOT";"IDX2015";"A";"2013";85.03368;
"KOR";"M3";"TOT";"IDX2015";"A";"2014";91.04727;
"KOR";"M3";"TOT";"IDX2015";"A";"2015";100;
"KOR";"M3";"TOT";"IDX2015";"A";"2016";108.2336;
"KOR";"M3";"TOT";"IDX2015";"A";"2017";115.5198;
"KOR";"M3";"TOT";"IDX2015";"A";"2018";123.5805;
"KOR";"M3";"TOT";"IDX2015";"A";"2019";133.3318;
"MEX";"M3";"TOT";"IDX2015";"A";"2000";16.56387;
"MEX";"M3";"TOT";"IDX2015";"A";"2001";21.4191;
"MEX";"M3";"TOT";"IDX2015";"A";"2002";23.37026;
"MEX";"M3";"TOT";"IDX2015";"A";"2003";24.93642;
"MEX";"M3";"TOT";"IDX2015";"A";"2004";26.79003;
"MEX";"M3";"TOT";"IDX2015";"A";"2005";29.1632;
"MEX";"M3";"TOT";"IDX2015";"A";"2006";34.25505;
"MEX";"M3";"TOT";"IDX2015";"A";"2007";37.82107;
"MEX";"M3";"TOT";"IDX2015";"A";"2008";43.19938;
"MEX";"M3";"TOT";"IDX2015";"A";"2009";48.0865;
"MEX";"M3";"TOT";"IDX2015";"A";"2010";52.32529;
"MEX";"M3";"TOT";"IDX2015";"A";"2011";60.84918;
"MEX";"M3";"TOT";"IDX2015";"A";"2012";72.7664;
"MEX";"M3";"TOT";"IDX2015";"A";"2013";82.50158;
"MEX";"M3";"TOT";"IDX2015";"A";"2014";91.59879;
"MEX";"M3";"TOT";"IDX2015";"A";"2015";100;
"MEX";"M3";"TOT";"IDX2015";"A";"2016";104.7979;
"MEX";"M3";"TOT";"IDX2015";"A";"2017";112.5694;
"MEX";"M3";"TOT";"IDX2015";"A";"2018";120.444;
"NZL";"M3";"TOT";"IDX2015";"A";"2000";31.78607;
"NZL";"M3";"TOT";"IDX2015";"A";"2001";33.73037;
"NZL";"M3";"TOT";"IDX2015";"A";"2002";36.46065;
"NZL";"M3";"TOT";"IDX2015";"A";"2003";39.87769;
"NZL";"M3";"TOT";"IDX2015";"A";"2004";43.92255;
"NZL";"M3";"TOT";"IDX2015";"A";"2005";47.10651;
"NZL";"M3";"TOT";"IDX2015";"A";"2006";51.76655;
"NZL";"M3";"TOT";"IDX2015";"A";"2007";57.98878;
"NZL";"M3";"TOT";"IDX2015";"A";"2008";63.90783;
"NZL";"M3";"TOT";"IDX2015";"A";"2009";66.11412;
"NZL";"M3";"TOT";"IDX2015";"A";"2010";67.93665;
"NZL";"M3";"TOT";"IDX2015";"A";"2011";73.18747;
"NZL";"M3";"TOT";"IDX2015";"A";"2012";78.80669;
"NZL";"M3";"TOT";"IDX2015";"A";"2013";86.02088;
"NZL";"M3";"TOT";"IDX2015";"A";"2014";92.12289;
"NZL";"M3";"TOT";"IDX2015";"A";"2015";100;
"NZL";"M3";"TOT";"IDX2015";"A";"2016";108.7966;
"NZL";"M3";"TOT";"IDX2015";"A";"2017";116.093;
"NZL";"M3";"TOT";"IDX2015";"A";"2018";124.3037;
"NOR";"M3";"TOT";"IDX2015";"A";"2000";37.63362;
"NOR";"M3";"TOT";"IDX2015";"A";"2001";41.2315;
"NOR";"M3";"TOT";"IDX2015";"A";"2002";44.46519;
"NOR";"M3";"TOT";"IDX2015";"A";"2003";46.62273;
"NOR";"M3";"TOT";"IDX2015";"A";"2004";48.81846;
"NOR";"M3";"TOT";"IDX2015";"A";"2005";53.61315;
"NOR";"M3";"TOT";"IDX2015";"A";"2006";59.74593;
"NOR";"M3";"TOT";"IDX2015";"A";"2007";69.40253;
"NOR";"M3";"TOT";"IDX2015";"A";"2008";72.03491;
"NOR";"M3";"TOT";"IDX2015";"A";"2009";74.20386;
"NOR";"M3";"TOT";"IDX2015";"A";"2010";76.15746;
"NOR";"M3";"TOT";"IDX2015";"A";"2011";82.18031;
"NOR";"M3";"TOT";"IDX2015";"A";"2012";86.66582;
"NOR";"M3";"TOT";"IDX2015";"A";"2013";90.798;
"NOR";"M3";"TOT";"IDX2015";"A";"2014";96.78416;
"NOR";"M3";"TOT";"IDX2015";"A";"2015";100;
"NOR";"M3";"TOT";"IDX2015";"A";"2016";103.834;
"NOR";"M3";"TOT";"IDX2015";"A";"2017";110.4406;
"NOR";"M3";"TOT";"IDX2015";"A";"2018";116.7444;
"NOR";"M3";"TOT";"IDX2015";"A";"2019";121.8197;
"POL";"M3";"TOT";"IDX2015";"A";"2000";25.94305;
"POL";"M3";"TOT";"IDX2015";"A";"2001";29.15683;
"POL";"M3";"TOT";"IDX2015";"A";"2002";29.93899;
"POL";"M3";"TOT";"IDX2015";"A";"2003";30.58568;
"POL";"M3";"TOT";"IDX2015";"A";"2004";32.86879;
"POL";"M3";"TOT";"IDX2015";"A";"2005";37.15668;
"POL";"M3";"TOT";"IDX2015";"A";"2006";41.82849;
"POL";"M3";"TOT";"IDX2015";"A";"2007";48.49103;
"POL";"M3";"TOT";"IDX2015";"A";"2008";56.14137;
"POL";"M3";"TOT";"IDX2015";"A";"2009";63.5149;
"POL";"M3";"TOT";"IDX2015";"A";"2010";68.15633;
"POL";"M3";"TOT";"IDX2015";"A";"2011";74.51643;
"POL";"M3";"TOT";"IDX2015";"A";"2012";81.79071;
"POL";"M3";"TOT";"IDX2015";"A";"2013";86.78455;
"POL";"M3";"TOT";"IDX2015";"A";"2014";92.31976;
"POL";"M3";"TOT";"IDX2015";"A";"2015";100;
"POL";"M3";"TOT";"IDX2015";"A";"2016";110.1444;
"POL";"M3";"TOT";"IDX2015";"A";"2017";117.0482;
"POL";"M3";"TOT";"IDX2015";"A";"2018";125.0418;
"SWE";"M3";"TOT";"IDX2015";"A";"2000";43.31219;
"SWE";"M3";"TOT";"IDX2015";"A";"2001";44.13089;
"SWE";"M3";"TOT";"IDX2015";"A";"2002";44.94227;
"SWE";"M3";"TOT";"IDX2015";"A";"2003";46.95429;
"SWE";"M3";"TOT";"IDX2015";"A";"2004";48.12845;
"SWE";"M3";"TOT";"IDX2015";"A";"2005";52.31213;
"SWE";"M3";"TOT";"IDX2015";"A";"2006";60.55437;
"SWE";"M3";"TOT";"IDX2015";"A";"2007";70.32398;
"SWE";"M3";"TOT";"IDX2015";"A";"2008";77.09743;
"SWE";"M3";"TOT";"IDX2015";"A";"2009";78.81264;
"SWE";"M3";"TOT";"IDX2015";"A";"2010";80.08079;
"SWE";"M3";"TOT";"IDX2015";"A";"2011";82.58415;
"SWE";"M3";"TOT";"IDX2015";"A";"2012";88.10864;
"SWE";"M3";"TOT";"IDX2015";"A";"2013";90.19654;
"SWE";"M3";"TOT";"IDX2015";"A";"2014";93.84963;
"SWE";"M3";"TOT";"IDX2015";"A";"2015";100;
"SWE";"M3";"TOT";"IDX2015";"A";"2016";108.3645;
"SWE";"M3";"TOT";"IDX2015";"A";"2017";118.9012;
"SWE";"M3";"TOT";"IDX2015";"A";"2018";125.5085;
"CHE";"M3";"TOT";"IDX2015";"A";"2000";49.11487;
"CHE";"M3";"TOT";"IDX2015";"A";"2001";50.47932;
"CHE";"M3";"TOT";"IDX2015";"A";"2002";52.44635;
"CHE";"M3";"TOT";"IDX2015";"A";"2003";56.75344;
"CHE";"M3";"TOT";"IDX2015";"A";"2004";58.71646;
"CHE";"M3";"TOT";"IDX2015";"A";"2005";61.08523;
"CHE";"M3";"TOT";"IDX2015";"A";"2006";62.63596;
"CHE";"M3";"TOT";"IDX2015";"A";"2007";63.94936;
"CHE";"M3";"TOT";"IDX2015";"A";"2008";65.32621;
"CHE";"M3";"TOT";"IDX2015";"A";"2009";68.97028;
"CHE";"M3";"TOT";"IDX2015";"A";"2010";73.3371;
"CHE";"M3";"TOT";"IDX2015";"A";"2011";78.38869;
"CHE";"M3";"TOT";"IDX2015";"A";"2012";84.58798;
"CHE";"M3";"TOT";"IDX2015";"A";"2013";92.86771;
"CHE";"M3";"TOT";"IDX2015";"A";"2014";98.13197;
"CHE";"M3";"TOT";"IDX2015";"A";"2015";100;
"CHE";"M3";"TOT";"IDX2015";"A";"2016";102.2686;
"CHE";"M3";"TOT";"IDX2015";"A";"2017";106.0411;
"CHE";"M3";"TOT";"IDX2015";"A";"2018";109.1192;
"TUR";"M3";"TOT";"IDX2015";"A";"2000";4.635433;
"TUR";"M3";"TOT";"IDX2015";"A";"2001";8.006615;
"TUR";"M3";"TOT";"IDX2015";"A";"2002";11.07953;
"TUR";"M3";"TOT";"IDX2015";"A";"2003";13.13371;
"TUR";"M3";"TOT";"IDX2015";"A";"2004";16.18266;
"TUR";"M3";"TOT";"IDX2015";"A";"2005";19.58705;
"TUR";"M3";"TOT";"IDX2015";"A";"2006";24.73553;
"TUR";"M3";"TOT";"IDX2015";"A";"2007";29.19651;
"TUR";"M3";"TOT";"IDX2015";"A";"2008";34.78308;
"TUR";"M3";"TOT";"IDX2015";"A";"2009";41.16313;
"TUR";"M3";"TOT";"IDX2015";"A";"2010";47.34613;
"TUR";"M3";"TOT";"IDX2015";"A";"2011";57.06998;
"TUR";"M3";"TOT";"IDX2015";"A";"2012";62.76408;
"TUR";"M3";"TOT";"IDX2015";"A";"2013";73.0752;
"TUR";"M3";"TOT";"IDX2015";"A";"2014";85.20625;
"TUR";"M3";"TOT";"IDX2015";"A";"2015";100;
"TUR";"M3";"TOT";"IDX2015";"A";"2016";112.3562;
"TUR";"M3";"TOT";"IDX2015";"A";"2017";133.5267;
"TUR";"M3";"TOT";"IDX2015";"A";"2018";159.914;
"GBR";"M3";"TOT";"IDX2015";"A";"2000";38.03651;
"GBR";"M3";"TOT";"IDX2015";"A";"2001";41.97175;
"GBR";"M3";"TOT";"IDX2015";"A";"2002";44.20831;
"GBR";"M3";"TOT";"IDX2015";"A";"2003";46.79058;
"GBR";"M3";"TOT";"IDX2015";"A";"2004";51.61018;
"GBR";"M3";"TOT";"IDX2015";"A";"2005";56.82588;
"GBR";"M3";"TOT";"IDX2015";"A";"2006";64.04153;
"GBR";"M3";"TOT";"IDX2015";"A";"2007";72.68065;
"GBR";"M3";"TOT";"IDX2015";"A";"2008";83.13216;
"GBR";"M3";"TOT";"IDX2015";"A";"2009";91.87347;
"GBR";"M3";"TOT";"IDX2015";"A";"2010";99.9251;
"GBR";"M3";"TOT";"IDX2015";"A";"2011";98.32787;
"GBR";"M3";"TOT";"IDX2015";"A";"2012";96.66693;
"GBR";"M3";"TOT";"IDX2015";"A";"2013";100.7183;
"GBR";"M3";"TOT";"IDX2015";"A";"2014";100.2212;
"GBR";"M3";"TOT";"IDX2015";"A";"2015";100;
"GBR";"M3";"TOT";"IDX2015";"A";"2016";106.4967;
"GBR";"M3";"TOT";"IDX2015";"A";"2017";115.5514;
"GBR";"M3";"TOT";"IDX2015";"A";"2018";119.6642;
"GBR";"M3";"TOT";"IDX2015";"A";"2019";121.3356;
"USA";"M3";"TOT";"IDX2015";"A";"2000";39.76983;
"USA";"M3";"TOT";"IDX2015";"A";"2001";43.19691;
"USA";"M3";"TOT";"IDX2015";"A";"2002";46.41591;
"USA";"M3";"TOT";"IDX2015";"A";"2003";49.65331;
"USA";"M3";"TOT";"IDX2015";"A";"2004";52.02045;
"USA";"M3";"TOT";"IDX2015";"A";"2005";54.24751;
"USA";"M3";"TOT";"IDX2015";"A";"2006";57.08672;
"USA";"M3";"TOT";"IDX2015";"A";"2007";60.57655;
"USA";"M3";"TOT";"IDX2015";"A";"2008";64.673;
"USA";"M3";"TOT";"IDX2015";"A";"2009";69.87098;
"USA";"M3";"TOT";"IDX2015";"A";"2010";71.6135;
"USA";"M3";"TOT";"IDX2015";"A";"2011";76.84331;
"USA";"M3";"TOT";"IDX2015";"A";"2012";83.44096;
"USA";"M3";"TOT";"IDX2015";"A";"2013";89.05588;
"USA";"M3";"TOT";"IDX2015";"A";"2014";94.54925;
"USA";"M3";"TOT";"IDX2015";"A";"2015";100;
"USA";"M3";"TOT";"IDX2015";"A";"2016";106.7874;
"USA";"M3";"TOT";"IDX2015";"A";"2017";112.8759;
"USA";"M3";"TOT";"IDX2015";"A";"2018";117.2166;
"USA";"M3";"TOT";"IDX2015";"A";"2019";123.1926;
"BRA";"M3";"TOT";"IDX2015";"A";"2000";11.21081;
"BRA";"M3";"TOT";"IDX2015";"A";"2001";12.92334;
"BRA";"M3";"TOT";"IDX2015";"A";"2002";14.20756;
"BRA";"M3";"TOT";"IDX2015";"A";"2003";16.31367;
"BRA";"M3";"TOT";"IDX2015";"A";"2004";19.96765;
"BRA";"M3";"TOT";"IDX2015";"A";"2005";23.25367;
"BRA";"M3";"TOT";"IDX2015";"A";"2006";27.4796;
"BRA";"M3";"TOT";"IDX2015";"A";"2007";31.93058;
"BRA";"M3";"TOT";"IDX2015";"A";"2008";37.92081;
"BRA";"M3";"TOT";"IDX2015";"A";"2009";44.13098;
"BRA";"M3";"TOT";"IDX2015";"A";"2010";53.74648;
"BRA";"M3";"TOT";"IDX2015";"A";"2011";63.09265;
"BRA";"M3";"TOT";"IDX2015";"A";"2012";74.15891;
"BRA";"M3";"TOT";"IDX2015";"A";"2013";82.62949;
"BRA";"M3";"TOT";"IDX2015";"A";"2014";90.78605;
"BRA";"M3";"TOT";"IDX2015";"A";"2015";100;
"BRA";"M3";"TOT";"IDX2015";"A";"2016";110.7789;
"BRA";"M3";"TOT";"IDX2015";"A";"2017";121.5595;
"BRA";"M3";"TOT";"IDX2015";"A";"2018";130.4643;
"CHL";"M3";"TOT";"IDX2015";"A";"2000";20.83992;
"CHL";"M3";"TOT";"IDX2015";"A";"2001";23.37501;
"CHL";"M3";"TOT";"IDX2015";"A";"2002";25.27345;
"CHL";"M3";"TOT";"IDX2015";"A";"2003";26.89152;
"CHL";"M3";"TOT";"IDX2015";"A";"2004";28.37557;
"CHL";"M3";"TOT";"IDX2015";"A";"2005";31.50507;
"CHL";"M3";"TOT";"IDX2015";"A";"2006";35.265;
"CHL";"M3";"TOT";"IDX2015";"A";"2007";40.21717;
"CHL";"M3";"TOT";"IDX2015";"A";"2008";47.01815;
"CHL";"M3";"TOT";"IDX2015";"A";"2009";51.35249;
"CHL";"M3";"TOT";"IDX2015";"A";"2010";54.53489;
"CHL";"M3";"TOT";"IDX2015";"A";"2011";63.42939;
"CHL";"M3";"TOT";"IDX2015";"A";"2012";73.9477;
"CHL";"M3";"TOT";"IDX2015";"A";"2013";81.39795;
"CHL";"M3";"TOT";"IDX2015";"A";"2014";89.55688;
"CHL";"M3";"TOT";"IDX2015";"A";"2015";100;
"CHL";"M3";"TOT";"IDX2015";"A";"2016";110.4768;
"CHL";"M3";"TOT";"IDX2015";"A";"2017";118.6149;
"CHL";"M3";"TOT";"IDX2015";"A";"2018";126.1831;
"CHN";"M3";"TOT";"IDX2015";"A";"2000";9.570215;
"CHN";"M3";"TOT";"IDX2015";"A";"2001";11.02125;
"CHN";"M3";"TOT";"IDX2015";"A";"2002";12.87031;
"CHN";"M3";"TOT";"IDX2015";"A";"2003";15.43409;
"CHN";"M3";"TOT";"IDX2015";"A";"2004";17.96733;
"CHN";"M3";"TOT";"IDX2015";"A";"2005";20.84715;
"CHN";"M3";"TOT";"IDX2015";"A";"2006";24.34553;
"CHN";"M3";"TOT";"IDX2015";"A";"2007";28.61272;
"CHN";"M3";"TOT";"IDX2015";"A";"2008";33.3419;
"CHN";"M3";"TOT";"IDX2015";"A";"2009";42.06293;
"CHN";"M3";"TOT";"IDX2015";"A";"2010";50.86009;
"CHN";"M3";"TOT";"IDX2015";"A";"2011";58.84574;
"CHN";"M3";"TOT";"IDX2015";"A";"2012";69.04137;
"CHN";"M3";"TOT";"IDX2015";"A";"2013";79.28802;
"CHN";"M3";"TOT";"IDX2015";"A";"2014";89.45573;
"CHN";"M3";"TOT";"IDX2015";"A";"2015";100;
"CHN";"M3";"TOT";"IDX2015";"A";"2016";112.0977;
"CHN";"M3";"TOT";"IDX2015";"A";"2017";123.0405;
"CHN";"M3";"TOT";"IDX2015";"A";"2018";133.8814;
"COL";"M3";"TOT";"IDX2015";"A";"2000";15.31845;
"COL";"M3";"TOT";"IDX2015";"A";"2001";16.40767;
"COL";"M3";"TOT";"IDX2015";"A";"2002";17.73617;
"COL";"M3";"TOT";"IDX2015";"A";"2003";19.75187;
"COL";"M3";"TOT";"IDX2015";"A";"2004";22.40368;
"COL";"M3";"TOT";"IDX2015";"A";"2005";26.41821;
"COL";"M3";"TOT";"IDX2015";"A";"2006";30.83473;
"COL";"M3";"TOT";"IDX2015";"A";"2007";36.6347;
"COL";"M3";"TOT";"IDX2015";"A";"2008";42.2782;
"COL";"M3";"TOT";"IDX2015";"A";"2009";48.44355;
"COL";"M3";"TOT";"IDX2015";"A";"2010";52.31846;
"COL";"M3";"TOT";"IDX2015";"A";"2011";59.76161;
"COL";"M3";"TOT";"IDX2015";"A";"2012";69.6442;
"COL";"M3";"TOT";"IDX2015";"A";"2013";81.05434;
"COL";"M3";"TOT";"IDX2015";"A";"2014";90.71609;
"COL";"M3";"TOT";"IDX2015";"A";"2015";100;
"COL";"M3";"TOT";"IDX2015";"A";"2016";109.9661;
"COL";"M3";"TOT";"IDX2015";"A";"2017";116.666;
"COL";"M3";"TOT";"IDX2015";"A";"2018";123.2187;
"COL";"M3";"TOT";"IDX2015";"A";"2019";132.6586;
"CRI";"M3";"TOT";"IDX2015";"A";"2002";15.7555;
"CRI";"M3";"TOT";"IDX2015";"A";"2003";19.35322;
"CRI";"M3";"TOT";"IDX2015";"A";"2004";24.06393;
"CRI";"M3";"TOT";"IDX2015";"A";"2005";30.42361;
"CRI";"M3";"TOT";"IDX2015";"A";"2006";37.80881;
"CRI";"M3";"TOT";"IDX2015";"A";"2007";46.58451;
"CRI";"M3";"TOT";"IDX2015";"A";"2008";58.15879;
"CRI";"M3";"TOT";"IDX2015";"A";"2009";66.524;
"CRI";"M3";"TOT";"IDX2015";"A";"2010";67.16167;
"CRI";"M3";"TOT";"IDX2015";"A";"2011";69.51421;
"CRI";"M3";"TOT";"IDX2015";"A";"2012";74.97219;
"CRI";"M3";"TOT";"IDX2015";"A";"2013";81.87963;
"CRI";"M3";"TOT";"IDX2015";"A";"2014";93.69353;
"CRI";"M3";"TOT";"IDX2015";"A";"2015";100;
"CRI";"M3";"TOT";"IDX2015";"A";"2016";103.3733;
"CRI";"M3";"TOT";"IDX2015";"A";"2017";107.3548;
"CRI";"M3";"TOT";"IDX2015";"A";"2018";107.1229;
"CRI";"M3";"TOT";"IDX2015";"A";"2019";109.4531;
"IND";"M3";"TOT";"IDX2015";"A";"2000";10.8059;
"IND";"M3";"TOT";"IDX2015";"A";"2001";12.61409;
"IND";"M3";"TOT";"IDX2015";"A";"2002";14.59233;
"IND";"M3";"TOT";"IDX2015";"A";"2003";16.50912;
"IND";"M3";"TOT";"IDX2015";"A";"2004";18.88577;
"IND";"M3";"TOT";"IDX2015";"A";"2005";21.67507;
"IND";"M3";"TOT";"IDX2015";"A";"2006";25.73072;
"IND";"M3";"TOT";"IDX2015";"A";"2007";31.30943;
"IND";"M3";"TOT";"IDX2015";"A";"2008";38.01601;
"IND";"M3";"TOT";"IDX2015";"A";"2009";45.63882;
"IND";"M3";"TOT";"IDX2015";"A";"2010";53.06315;
"IND";"M3";"TOT";"IDX2015";"A";"2011";61.8573;
"IND";"M3";"TOT";"IDX2015";"A";"2012";70.3542;
"IND";"M3";"TOT";"IDX2015";"A";"2013";79.6637;
"IND";"M3";"TOT";"IDX2015";"A";"2014";89.97865;
"IND";"M3";"TOT";"IDX2015";"A";"2015";100;
"IND";"M3";"TOT";"IDX2015";"A";"2016";110.2528;
"IND";"M3";"TOT";"IDX2015";"A";"2017";117.9072;
"IND";"M3";"TOT";"IDX2015";"A";"2018";129.2797;
"IDN";"M3";"TOT";"IDX2015";"A";"2000";15.70111;
"IDN";"M3";"TOT";"IDX2015";"A";"2001";18.02456;
"IDN";"M3";"TOT";"IDX2015";"A";"2002";19.518;
"IDN";"M3";"TOT";"IDX2015";"A";"2003";20.74264;
"IDN";"M3";"TOT";"IDX2015";"A";"2004";22.23023;
"IDN";"M3";"TOT";"IDX2015";"A";"2005";25.03626;
"IDN";"M3";"TOT";"IDX2015";"A";"2006";28.92714;
"IDN";"M3";"TOT";"IDX2015";"A";"2007";33.48408;
"IDN";"M3";"TOT";"IDX2015";"A";"2008";39.02827;
"IDN";"M3";"TOT";"IDX2015";"A";"2009";45.27587;
"IDN";"M3";"TOT";"IDX2015";"A";"2010";50.73805;
"IDN";"M3";"TOT";"IDX2015";"A";"2011";58.82866;
"IDN";"M3";"TOT";"IDX2015";"A";"2012";69.75153;
"IDN";"M3";"TOT";"IDX2015";"A";"2013";79.41176;
"IDN";"M3";"TOT";"IDX2015";"A";"2014";88.62045;
"IDN";"M3";"TOT";"IDX2015";"A";"2015";100;
"IDN";"M3";"TOT";"IDX2015";"A";"2016";107.7676;
"IDN";"M3";"TOT";"IDX2015";"A";"2017";118.5173;
"IDN";"M3";"TOT";"IDX2015";"A";"2018";126.768;
"ISR";"M3";"TOT";"IDX2015";"A";"2000";28.60708;
"ISR";"M3";"TOT";"IDX2015";"A";"2001";33.28186;
"ISR";"M3";"TOT";"IDX2015";"A";"2002";35.3255;
"ISR";"M3";"TOT";"IDX2015";"A";"2003";37.68985;
"ISR";"M3";"TOT";"IDX2015";"A";"2004";40.3682;
"ISR";"M3";"TOT";"IDX2015";"A";"2005";44.68514;
"ISR";"M3";"TOT";"IDX2015";"A";"2006";48.21772;
"ISR";"M3";"TOT";"IDX2015";"A";"2007";53.81921;
"ISR";"M3";"TOT";"IDX2015";"A";"2008";57.79879;
"ISR";"M3";"TOT";"IDX2015";"A";"2009";65.28004;
"ISR";"M3";"TOT";"IDX2015";"A";"2010";66.78865;
"ISR";"M3";"TOT";"IDX2015";"A";"2011";70.89516;
"ISR";"M3";"TOT";"IDX2015";"A";"2012";78.73132;
"ISR";"M3";"TOT";"IDX2015";"A";"2013";83.97606;
"ISR";"M3";"TOT";"IDX2015";"A";"2014";92.13877;
"ISR";"M3";"TOT";"IDX2015";"A";"2015";100;
"ISR";"M3";"TOT";"IDX2015";"A";"2016";105.5032;
"ISR";"M3";"TOT";"IDX2015";"A";"2017";111.4118;
"ISR";"M3";"TOT";"IDX2015";"A";"2018";115.8616;
"ISR";"M3";"TOT";"IDX2015";"A";"2019";124.0925;
"RUS";"M3";"TOT";"IDX2015";"A";"2000";2.771984;
"RUS";"M3";"TOT";"IDX2015";"A";"2001";4.003162;
"RUS";"M3";"TOT";"IDX2015";"A";"2002";5.244647;
"RUS";"M3";"TOT";"IDX2015";"A";"2003";7.282158;
"RUS";"M3";"TOT";"IDX2015";"A";"2004";9.86815;
"RUS";"M3";"TOT";"IDX2015";"A";"2005";13.21534;
"RUS";"M3";"TOT";"IDX2015";"A";"2006";18.10055;
"RUS";"M3";"TOT";"IDX2015";"A";"2007";26.10161;
"RUS";"M3";"TOT";"IDX2015";"A";"2008";33.45544;
"RUS";"M3";"TOT";"IDX2015";"A";"2009";36.91999;
"RUS";"M3";"TOT";"IDX2015";"A";"2010";45.54316;
"RUS";"M3";"TOT";"IDX2015";"A";"2011";54.86768;
"RUS";"M3";"TOT";"IDX2015";"A";"2012";64.31773;
"RUS";"M3";"TOT";"IDX2015";"A";"2013";74.81839;
"RUS";"M3";"TOT";"IDX2015";"A";"2014";84.30057;
"RUS";"M3";"TOT";"IDX2015";"A";"2015";100;
"RUS";"M3";"TOT";"IDX2015";"A";"2016";111.3937;
"RUS";"M3";"TOT";"IDX2015";"A";"2017";114.7154;
"RUS";"M3";"TOT";"IDX2015";"A";"2018";125.6707;
"RUS";"M3";"TOT";"IDX2015";"A";"2019";135.9588;
"ZAF";"M3";"TOT";"IDX2015";"A";"2000";17.099;
"ZAF";"M3";"TOT";"IDX2015";"A";"2001";19.51458;
"ZAF";"M3";"TOT";"IDX2015";"A";"2002";23.35808;
"ZAF";"M3";"TOT";"IDX2015";"A";"2003";26.65563;
"ZAF";"M3";"TOT";"IDX2015";"A";"2004";30.1994;
"ZAF";"M3";"TOT";"IDX2015";"A";"2005";35.0631;
"ZAF";"M3";"TOT";"IDX2015";"A";"2006";43.14879;
"ZAF";"M3";"TOT";"IDX2015";"A";"2007";53.14793;
"ZAF";"M3";"TOT";"IDX2015";"A";"2008";63.39888;
"ZAF";"M3";"TOT";"IDX2015";"A";"2009";67.85172;
"ZAF";"M3";"TOT";"IDX2015";"A";"2010";70.06005;
"ZAF";"M3";"TOT";"IDX2015";"A";"2011";74.79229;
"ZAF";"M3";"TOT";"IDX2015";"A";"2012";79.82745;
"ZAF";"M3";"TOT";"IDX2015";"A";"2013";85.87708;
"ZAF";"M3";"TOT";"IDX2015";"A";"2014";91.99149;
"ZAF";"M3";"TOT";"IDX2015";"A";"2015";100;
"ZAF";"M3";"TOT";"IDX2015";"A";"2016";106.6376;
"ZAF";"M3";"TOT";"IDX2015";"A";"2017";113.4137;
"ZAF";"M3";"TOT";"IDX2015";"A";"2018";120.4614;
"ZAF";"M3";"TOT";"IDX2015";"A";"2019";129.1388;
"OECD";"M3";"TOT";"IDX2015";"A";"2000";35.49859;
"OECD";"M3";"TOT";"IDX2015";"A";"2001";39.3035;
"OECD";"M3";"TOT";"IDX2015";"A";"2002";42.25829;
"OECD";"M3";"TOT";"IDX2015";"A";"2003";45.01215;
"OECD";"M3";"TOT";"IDX2015";"A";"2004";47.7327;
"OECD";"M3";"TOT";"IDX2015";"A";"2005";50.61327;
"OECD";"M3";"TOT";"IDX2015";"A";"2006";54.40265;
"OECD";"M3";"TOT";"IDX2015";"A";"2007";58.74905;
"OECD";"M3";"TOT";"IDX2015";"A";"2008";63.84645;
"OECD";"M3";"TOT";"IDX2015";"A";"2009";68.92728;
"OECD";"M3";"TOT";"IDX2015";"A";"2010";71.98709;
"OECD";"M3";"TOT";"IDX2015";"A";"2011";76.96236;
"OECD";"M3";"TOT";"IDX2015";"A";"2012";82.85284;
"OECD";"M3";"TOT";"IDX2015";"A";"2013";88.50108;
"OECD";"M3";"TOT";"IDX2015";"A";"2014";94.08997;
"OECD";"M3";"TOT";"IDX2015";"A";"2015";100;
"OECD";"M3";"TOT";"IDX2015";"A";"2016";106.6112;
"OECD";"M3";"TOT";"IDX2015";"A";"2017";113.6043;
"OECD";"M3";"TOT";"IDX2015";"A";"2018";119.3418;
"OECD";"M3";"TOT";"IDX2015";"A";"2019";125.2933;
"OECDE";"M3";"TOT";"IDX2015";"A";"2000";23.44688;
"OECDE";"M3";"TOT";"IDX2015";"A";"2001";28.10378;
"OECDE";"M3";"TOT";"IDX2015";"A";"2002";31.10549;
"OECDE";"M3";"TOT";"IDX2015";"A";"2003";33.78481;
"OECDE";"M3";"TOT";"IDX2015";"A";"2004";37.47757;
"OECDE";"M3";"TOT";"IDX2015";"A";"2005";41.74018;
"OECDE";"M3";"TOT";"IDX2015";"A";"2006";47.9387;
"OECDE";"M3";"TOT";"IDX2015";"A";"2007";54.72134;
"OECDE";"M3";"TOT";"IDX2015";"A";"2008";62.24507;
"OECDE";"M3";"TOT";"IDX2015";"A";"2009";69.06474;
"OECDE";"M3";"TOT";"IDX2015";"A";"2010";74.63163;
"OECDE";"M3";"TOT";"IDX2015";"A";"2011";78.79887;
"OECDE";"M3";"TOT";"IDX2015";"A";"2012";82.51896;
"OECDE";"M3";"TOT";"IDX2015";"A";"2013";88.13126;
"OECDE";"M3";"TOT";"IDX2015";"A";"2014";93.54396;
"OECDE";"M3";"TOT";"IDX2015";"A";"2015";100;
"OECDE";"M3";"TOT";"IDX2015";"A";"2016";107.9712;
"OECDE";"M3";"TOT";"IDX2015";"A";"2017";119.0735;
"OECDE";"M3";"TOT";"IDX2015";"A";"2018";129.1755;
"EA19";"M3";"TOT";"IDX2015";"A";"2000";45.20986;
"EA19";"M3";"TOT";"IDX2015";"A";"2001";48.87485;
"EA19";"M3";"TOT";"IDX2015";"A";"2002";52.42364;
"EA19";"M3";"TOT";"IDX2015";"A";"2003";56.44278;
"EA19";"M3";"TOT";"IDX2015";"A";"2004";59.63414;
"EA19";"M3";"TOT";"IDX2015";"A";"2005";64.15334;
"EA19";"M3";"TOT";"IDX2015";"A";"2006";69.68994;
"EA19";"M3";"TOT";"IDX2015";"A";"2007";77.42722;
"EA19";"M3";"TOT";"IDX2015";"A";"2008";85.48515;
"EA19";"M3";"TOT";"IDX2015";"A";"2009";88.74383;
"EA19";"M3";"TOT";"IDX2015";"A";"2010";87.74624;
"EA19";"M3";"TOT";"IDX2015";"A";"2011";88.61709;
"EA19";"M3";"TOT";"IDX2015";"A";"2012";91.03355;
"EA19";"M3";"TOT";"IDX2015";"A";"2013";92.73474;
"EA19";"M3";"TOT";"IDX2015";"A";"2014";94.3144;
"EA19";"M3";"TOT";"IDX2015";"A";"2015";100;
"EA19";"M3";"TOT";"IDX2015";"A";"2016";104.8844;
"EA19";"M3";"TOT";"IDX2015";"A";"2017";109.8652;
"EA19";"M3";"TOT";"IDX2015";"A";"2018";113.9996;
"EA19";"M3";"TOT";"IDX2015";"A";"2019";119.8679;
